file_name,class
100 n.png,0
1000 n.png,0
1001 n.png,0
1002 n.png,0
1003 n.png,0
1004 space.png,1
1005 space.png,1
1006 space.png,1
1007 space.png,1
1008 n.png,0
1009 n.png,0
101 n.png,0
1010 n.png,0
1011 n.png,0
1012 n.png,0
1013 n.png,0
1014 n.png,0
1015 n.png,0
1016 n.png,0
1017 n.png,0
1018 n.png,0
1019 n.png,0
102 n.png,0
1020 n.png,0
1021 n.png,0
1022 n.png,0
1023 n.png,0
1024 n.png,0
1025 n.png,0
1026 n.png,0
1027 n.png,0
1028 n.png,0
1029 n.png,0
103 n.png,0
1030 n.png,0
1031 n.png,0
1032 n.png,0
1033 space.png,1
1034 space.png,1
1035 space.png,1
1036 n.png,0
1037 n.png,0
1038 n.png,0
1039 n.png,0
104 n.png,0
1040 n.png,0
1041 n.png,0
1042 n.png,0
1043 n.png,0
1044 n.png,0
1045 n.png,0
1046 n.png,0
1047 n.png,0
1048 n.png,0
1049 n.png,0
105 n.png,0
1050 n.png,0
1051 space.png,1
1052 space.png,1
1053 n.png,0
1054 n.png,0
1055 n.png,0
1056 n.png,0
1057 n.png,0
1058 n.png,0
1059 n.png,0
106 n.png,0
1060 n.png,0
1061 n.png,0
1062 space.png,1
1063 space.png,1
1064 space.png,1
1065 space.png,1
1066 n.png,0
1067 n.png,0
1068 n.png,0
1069 n.png,0
107 n.png,0
1070 n.png,0
1071 n.png,0
1072 n.png,0
1073 n.png,0
1074 n.png,0
1075 n.png,0
1076 n.png,0
1077 n.png,0
1078 n.png,0
1079 n.png,0
108 n.png,0
1080 n.png,0
1081 n.png,0
1082 n.png,0
1083 n.png,0
1084 n.png,0
1085 n.png,0
1086 n.png,0
1087 n.png,0
1088 n.png,0
1089 n.png,0
109 n.png,0
1090 space.png,1
1091 space.png,1
1092 space.png,1
1093 n.png,0
1094 n.png,0
1095 n.png,0
1096 n.png,0
1097 n.png,0
1098 n.png,0
1099 n.png,0
110 n.png,0
1100 n.png,0
1101 n.png,0
1102 n.png,0
1103 n.png,0
1104 space.png,1
1105 space.png,1
1106 space.png,1
1107 n.png,0
1108 n.png,0
1109 n.png,0
111 n.png,0
1110 n.png,0
1111 n.png,0
1112 n.png,0
1113 n.png,0
1114 n.png,0
1115 n.png,0
1116 n.png,0
1117 n.png,0
1118 n.png,0
1119 n.png,0
112 n.png,0
1120 n.png,0
1121 n.png,0
1122 n.png,0
1123 n.png,0
1124 n.png,0
1125 n.png,0
1126 n.png,0
1127 n.png,0
1128 n.png,0
1129 n.png,0
113 n.png,0
1130 n.png,0
1131 n.png,0
1132 space.png,1
1133 space.png,1
1134 space.png,1
1135 n.png,0
1136 n.png,0
1137 n.png,0
1138 n.png,0
1139 n.png,0
114 n.png,0
1140 n.png,0
1141 n.png,0
1142 n.png,0
1143 n.png,0
1144 n.png,0
1145 n.png,0
1146 n.png,0
1147 n.png,0
1148 n.png,0
1149 n.png,0
115 n.png,0
1150 n.png,0
1151 n.png,0
1152 n.png,0
1153 n.png,0
1154 n.png,0
1155 n.png,0
1156 n.png,0
1157 n.png,0
1158 n.png,0
1159 n.png,0
116 n.png,0
1160 n.png,0
1161 n.png,0
1162 space.png,1
1163 space.png,1
1164 space.png,1
1165 space.png,1
1166 n.png,0
1167 n.png,0
1168 n.png,0
1169 n.png,0
117 n.png,0
1170 n.png,0
1171 n.png,0
1172 n.png,0
1173 n.png,0
1174 n.png,0
1175 n.png,0
1176 n.png,0
1177 n.png,0
1178 n.png,0
1179 n.png,0
118 n.png,0
1180 n.png,0
1181 n.png,0
1182 n.png,0
1183 n.png,0
1184 n.png,0
1185 n.png,0
1186 n.png,0
1187 n.png,0
1188 n.png,0
1189 n.png,0
119 n.png,0
1190 n.png,0
1191 n.png,0
1192 n.png,0
1193 n.png,0
1194 n.png,0
1195 n.png,0
1196 space.png,1
1197 space.png,1
1198 n.png,0
1199 n.png,0
120 n.png,0
1200 n.png,0
1201 n.png,0
1202 n.png,0
1203 n.png,0
1204 n.png,0
1205 n.png,0
1206 n.png,0
1207 n.png,0
1208 n.png,0
1209 space.png,1
121 n.png,0
1210 space.png,1
1211 space.png,1
1212 n.png,0
1213 n.png,0
1214 n.png,0
1215 n.png,0
1216 n.png,0
1217 n.png,0
1218 n.png,0
1219 n.png,0
122 n.png,0
1220 n.png,0
1221 n.png,0
1222 n.png,0
1223 n.png,0
1224 space.png,1
1225 space.png,1
1226 space.png,1
1227 space.png,1
1228 n.png,0
1229 n.png,0
123 n.png,0
1230 n.png,0
1231 n.png,0
1232 n.png,0
1233 n.png,0
1234 n.png,0
1235 n.png,0
1236 n.png,0
1237 n.png,0
1238 n.png,0
1239 n.png,0
124 n.png,0
1240 n.png,0
1241 n.png,0
1242 n.png,0
1243 n.png,0
1244 n.png,0
1245 n.png,0
1246 n.png,0
1247 n.png,0
1248 n.png,0
1249 n.png,0
125 n.png,0
1250 n.png,0
1251 n.png,0
1252 n.png,0
1253 n.png,0
1254 n.png,0
1255 n.png,0
1256 n.png,0
1257 space.png,1
1258 space.png,1
1259 space.png,1
126 n.png,0
1260 n.png,0
1261 n.png,0
1262 n.png,0
1263 n.png,0
1264 n.png,0
1265 n.png,0
1266 n.png,0
1267 n.png,0
1268 n.png,0
1269 n.png,0
127 n.png,0
1270 n.png,0
1271 n.png,0
1272 space.png,1
1273 space.png,1
1274 space.png,1
1275 n.png,0
1276 n.png,0
1277 n.png,0
1278 n.png,0
1279 n.png,0
128 n.png,0
1280 n.png,0
1281 n.png,0
1282 n.png,0
1283 n.png,0
1284 n.png,0
1285 n.png,0
1286 space.png,1
1287 space.png,1
1288 space.png,1
1289 n.png,0
129 n.png,0
1290 n.png,0
1291 n.png,0
1292 n.png,0
1293 n.png,0
1294 n.png,0
1295 n.png,0
1296 n.png,0
1297 n.png,0
1298 n.png,0
1299 n.png,0
130 n.png,0
1300 n.png,0
1301 n.png,0
1302 n.png,0
1303 space.png,1
1304 space.png,1
1305 n.png,0
1306 n.png,0
1307 n.png,0
1308 n.png,0
1309 n.png,0
131 n.png,0
1310 n.png,0
1311 n.png,0
1312 n.png,0
1313 n.png,0
1314 n.png,0
1315 n.png,0
1316 n.png,0
1317 n.png,0
1318 n.png,0
1319 n.png,0
132 n.png,0
1320 n.png,0
1321 space.png,1
1322 space.png,1
1323 space.png,1
1324 space.png,1
1325 n.png,0
1326 n.png,0
1327 n.png,0
1328 n.png,0
1329 n.png,0
133 n.png,0
1330 n.png,0
1331 n.png,0
1332 n.png,0
1333 n.png,0
1334 n.png,0
1335 space.png,1
1336 space.png,1
1337 n.png,0
1338 n.png,0
1339 n.png,0
134 n.png,0
1340 n.png,0
1341 n.png,0
1342 n.png,0
1343 n.png,0
1344 n.png,0
1345 n.png,0
1346 n.png,0
1347 n.png,0
1348 n.png,0
1349 n.png,0
135 n.png,0
1350 n.png,0
1351 n.png,0
1352 n.png,0
1353 n.png,0
1354 n.png,0
1355 n.png,0
1356 n.png,0
1357 n.png,0
1358 space.png,1
1359 space.png,1
136 n.png,0
1360 space.png,1
1361 n.png,0
1362 n.png,0
1363 n.png,0
1364 n.png,0
1365 n.png,0
1366 n.png,0
1367 n.png,0
1368 n.png,0
1369 n.png,0
137 n.png,0
1370 n.png,0
1371 n.png,0
1372 n.png,0
1373 space.png,1
1374 space.png,1
1375 space.png,1
1376 n.png,0
1377 n.png,0
1378 n.png,0
1379 n.png,0
138 n.png,0
1380 n.png,0
1381 n.png,0
1382 n.png,0
1383 n.png,0
1384 n.png,0
1385 n.png,0
1386 n.png,0
1387 n.png,0
1388 space.png,1
1389 space.png,1
139 n.png,0
1390 space.png,1
1391 space.png,1
1392 n.png,0
1393 n.png,0
1394 n.png,0
1395 n.png,0
1396 n.png,0
1397 n.png,0
1398 n.png,0
1399 n.png,0
140 n.png,0
1400 n.png,0
1401 n.png,0
1402 n.png,0
1403 n.png,0
1404 n.png,0
1405 space.png,1
1406 space.png,1
1407 space.png,1
1408 n.png,0
1409 n.png,0
141 n.png,0
1410 n.png,0
1411 n.png,0
1412 n.png,0
1413 n.png,0
1414 n.png,0
1415 n.png,0
1416 n.png,0
1417 n.png,0
1418 n.png,0
1419 n.png,0
142 n.png,0
1420 n.png,0
1421 n.png,0
1422 n.png,0
1423 n.png,0
1424 n.png,0
1425 n.png,0
1426 n.png,0
1427 space.png,1
1428 space.png,1
1429 space.png,1
143 n.png,0
1430 space.png,1
1431 n.png,0
1432 n.png,0
1433 n.png,0
1434 n.png,0
1435 n.png,0
1436 n.png,0
1437 n.png,0
1438 n.png,0
1439 n.png,0
144 n.png,0
1440 n.png,0
1441 n.png,0
1442 n.png,0
1443 n.png,0
1444 n.png,0
1445 n.png,0
1446 n.png,0
1447 n.png,0
1448 n.png,0
1449 n.png,0
145 n.png,0
1450 n.png,0
1451 n.png,0
1452 n.png,0
1453 n.png,0
1454 n.png,0
1455 space.png,1
1456 space.png,1
1457 space.png,1
1458 n.png,0
1459 n.png,0
146 n.png,0
1460 n.png,0
1461 n.png,0
1462 n.png,0
1463 n.png,0
1464 n.png,0
1465 n.png,0
1466 n.png,0
1467 n.png,0
1468 n.png,0
1469 n.png,0
147 n.png,0
1470 n.png,0
1471 n.png,0
1472 n.png,0
1473 n.png,0
1474 n.png,0
1475 n.png,0
1476 n.png,0
1477 n.png,0
1478 n.png,0
1479 n.png,0
148 n.png,0
1480 space.png,1
1481 space.png,1
1482 space.png,1
1483 space.png,1
1484 n.png,0
1485 n.png,0
1486 n.png,0
1487 n.png,0
1488 n.png,0
1489 n.png,0
149 n.png,0
1490 n.png,0
1491 n.png,0
1492 n.png,0
1493 n.png,0
1494 n.png,0
1495 n.png,0
1496 n.png,0
1497 n.png,0
1498 n.png,0
1499 n.png,0
150 n.png,0
1500 n.png,0
1501 n.png,0
1502 n.png,0
1503 n.png,0
1504 n.png,0
1505 n.png,0
1506 n.png,0
1507 space.png,1
1508 space.png,1
1509 space.png,1
151 n.png,0
1510 n.png,0
1511 n.png,0
1512 n.png,0
1513 n.png,0
1514 n.png,0
1515 n.png,0
1516 n.png,0
1517 n.png,0
1518 n.png,0
1519 n.png,0
152 n.png,0
1520 n.png,0
1521 n.png,0
1522 n.png,0
1523 n.png,0
1524 n.png,0
1525 n.png,0
1526 n.png,0
1527 n.png,0
1528 n.png,0
1529 n.png,0
153 n.png,0
1530 n.png,0
1531 n.png,0
1532 n.png,0
1533 n.png,0
1534 n.png,0
1535 space.png,1
1536 space.png,1
1537 space.png,1
1538 space.png,1
1539 n.png,0
154 n.png,0
1540 n.png,0
1541 n.png,0
1542 n.png,0
1543 n.png,0
1544 n.png,0
1545 n.png,0
1546 n.png,0
1547 n.png,0
1548 n.png,0
1549 n.png,0
155 n.png,0
1550 n.png,0
1551 n.png,0
1552 n.png,0
1553 n.png,0
1554 n.png,0
1555 n.png,0
1556 n.png,0
1557 n.png,0
1558 n.png,0
1559 n.png,0
156 n.png,0
1560 n.png,0
1561 n.png,0
1562 n.png,0
1563 n.png,0
1564 n.png,0
1565 n.png,0
1566 n.png,0
1567 n.png,0
1568 n.png,0
1569 space.png,1
157 n.png,0
1570 space.png,1
1571 space.png,1
1572 n.png,0
1573 n.png,0
1574 n.png,0
1575 n.png,0
1576 n.png,0
1577 n.png,0
1578 n.png,0
1579 n.png,0
158 n.png,0
1580 n.png,0
1581 n.png,0
1582 n.png,0
1583 n.png,0
1584 n.png,0
1585 space.png,1
1586 space.png,1
1587 n.png,0
1588 n.png,0
1589 n.png,0
159 n.png,0
1590 n.png,0
1591 n.png,0
1592 n.png,0
1593 n.png,0
1594 n.png,0
1595 space.png,1
1596 space.png,1
1597 space.png,1
1598 space.png,1
1599 space.png,1
160 n.png,0
1600 n.png,0
1601 n.png,0
1602 n.png,0
1603 n.png,0
1604 n.png,0
1605 n.png,0
1606 n.png,0
1607 n.png,0
1608 n.png,0
1609 n.png,0
161 n.png,0
1610 n.png,0
1611 n.png,0
1612 n.png,0
1613 n.png,0
1614 n.png,0
1615 space.png,1
1616 space.png,1
1617 space.png,1
1618 n.png,0
1619 n.png,0
162 n.png,0
1620 n.png,0
1621 n.png,0
1622 n.png,0
1623 n.png,0
1624 n.png,0
1625 n.png,0
1626 n.png,0
1627 n.png,0
1628 n.png,0
1629 n.png,0
163 n.png,0
1630 n.png,0
1631 n.png,0
1632 n.png,0
1633 n.png,0
1634 n.png,0
1635 n.png,0
1636 n.png,0
1637 n.png,0
1638 n.png,0
1639 n.png,0
164 n.png,0
1640 n.png,0
1641 n.png,0
1642 n.png,0
1643 n.png,0
1644 n.png,0
1645 n.png,0
1646 n.png,0
1647 n.png,0
1648 n.png,0
1649 n.png,0
165 n.png,0
1650 n.png,0
1651 n.png,0
1652 n.png,0
1653 n.png,0
1654 n.png,0
1655 n.png,0
1656 n.png,0
1657 n.png,0
1658 n.png,0
1659 n.png,0
166 space.png,1
1660 n.png,0
1661 n.png,0
1662 n.png,0
1663 n.png,0
1664 n.png,0
1665 n.png,0
1666 n.png,0
1667 n.png,0
1668 n.png,0
1669 n.png,0
167 space.png,1
1670 n.png,0
1671 n.png,0
1672 n.png,0
1673 n.png,0
1674 n.png,0
1675 n.png,0
1676 n.png,0
1677 n.png,0
1678 n.png,0
1679 n.png,0
168 n.png,0
1680 n.png,0
1681 n.png,0
1682 n.png,0
1683 n.png,0
1684 n.png,0
1685 n.png,0
1686 n.png,0
1687 n.png,0
1688 n.png,0
1689 n.png,0
169 n.png,0
1690 n.png,0
1691 n.png,0
1692 n.png,0
1693 n.png,0
1694 n.png,0
1695 n.png,0
1696 n.png,0
1697 n.png,0
1698 n.png,0
1699 n.png,0
170 n.png,0
1700 n.png,0
1701 n.png,0
1702 n.png,0
1703 n.png,0
1704 n.png,0
1705 n.png,0
1706 n.png,0
1707 n.png,0
1708 n.png,0
1709 n.png,0
171 n.png,0
1710 n.png,0
1711 space.png,1
1712 space.png,1
1713 n.png,0
1714 n.png,0
1715 n.png,0
1716 n.png,0
1717 n.png,0
1718 n.png,0
1719 n.png,0
172 n.png,0
1720 n.png,0
1721 n.png,0
1722 n.png,0
1723 n.png,0
1724 n.png,0
1725 n.png,0
1726 n.png,0
1727 space.png,1
1728 space.png,1
1729 space.png,1
173 n.png,0
1730 n.png,0
1731 n.png,0
1732 n.png,0
1733 n.png,0
1734 n.png,0
1735 n.png,0
1736 n.png,0
1737 n.png,0
1738 n.png,0
1739 n.png,0
174 n.png,0
1740 n.png,0
1741 n.png,0
1742 n.png,0
1743 n.png,0
1744 n.png,0
1745 space.png,1
1746 space.png,1
1747 space.png,1
1748 space.png,1
1749 n.png,0
175 n.png,0
1750 n.png,0
1751 n.png,0
1752 n.png,0
1753 n.png,0
1754 n.png,0
1755 n.png,0
1756 n.png,0
1757 n.png,0
1758 n.png,0
1759 n.png,0
176 n.png,0
1760 n.png,0
1761 n.png,0
1762 space.png,1
1763 space.png,1
1764 space.png,1
1765 n.png,0
1766 n.png,0
1767 n.png,0
1768 n.png,0
1769 n.png,0
177 n.png,0
1770 n.png,0
1771 n.png,0
1772 n.png,0
1773 n.png,0
1774 n.png,0
1775 n.png,0
1776 n.png,0
1777 n.png,0
1778 space.png,1
1779 space.png,1
178 n.png,0
1780 n.png,0
1781 n.png,0
1782 n.png,0
1783 n.png,0
1784 n.png,0
1785 n.png,0
1786 n.png,0
1787 n.png,0
1788 n.png,0
1789 n.png,0
179 n.png,0
1790 n.png,0
1791 space.png,1
1792 space.png,1
1793 space.png,1
1794 space.png,1
1795 n.png,0
1796 n.png,0
1797 n.png,0
1798 n.png,0
1799 n.png,0
180 n.png,0
1800 n.png,0
1801 n.png,0
1802 n.png,0
1803 n.png,0
1804 n.png,0
1805 n.png,0
1806 n.png,0
1807 n.png,0
1808 n.png,0
1809 n.png,0
181 n.png,0
1810 n.png,0
1811 n.png,0
1812 n.png,0
1813 n.png,0
1814 n.png,0
1815 n.png,0
1816 n.png,0
1817 n.png,0
1818 space.png,1
1819 space.png,1
182 n.png,0
1820 n.png,0
1821 n.png,0
1822 n.png,0
1823 n.png,0
1824 n.png,0
1825 n.png,0
1826 n.png,0
1827 n.png,0
1828 n.png,0
1829 n.png,0
183 n.png,0
1830 n.png,0
1831 n.png,0
1832 n.png,0
1833 space.png,1
1834 space.png,1
1835 space.png,1
1836 space.png,1
1837 n.png,0
1838 n.png,0
1839 n.png,0
184 n.png,0
1840 n.png,0
1841 n.png,0
1842 n.png,0
1843 n.png,0
1844 n.png,0
1845 n.png,0
1846 n.png,0
1847 n.png,0
1848 space.png,1
1849 space.png,1
185 n.png,0
1850 space.png,1
1851 space.png,1
1852 n.png,0
1853 n.png,0
1854 n.png,0
1855 n.png,0
1856 n.png,0
1857 n.png,0
1858 n.png,0
1859 n.png,0
186 n.png,0
1860 n.png,0
1861 n.png,0
1862 n.png,0
1863 n.png,0
1864 n.png,0
1865 n.png,0
1866 n.png,0
1867 n.png,0
1868 n.png,0
1869 n.png,0
187 n.png,0
1870 n.png,0
1871 n.png,0
1872 n.png,0
1873 n.png,0
1874 space.png,1
1875 space.png,1
1876 space.png,1
1877 space.png,1
1878 n.png,0
1879 n.png,0
188 n.png,0
1880 n.png,0
1881 n.png,0
1882 n.png,0
1883 n.png,0
1884 n.png,0
1885 n.png,0
1886 n.png,0
1887 n.png,0
1888 n.png,0
1889 n.png,0
189 n.png,0
1890 n.png,0
1891 n.png,0
1892 n.png,0
1893 n.png,0
1894 n.png,0
1895 n.png,0
1896 n.png,0
1897 n.png,0
1898 n.png,0
1899 n.png,0
190 n.png,0
1900 n.png,0
1901 n.png,0
1902 n.png,0
1903 space.png,1
1904 space.png,1
1905 space.png,1
1906 space.png,1
1907 n.png,0
1908 n.png,0
1909 n.png,0
191 n.png,0
1910 n.png,0
1911 n.png,0
1912 n.png,0
1913 n.png,0
1914 n.png,0
1915 n.png,0
1916 n.png,0
1917 space.png,1
1918 space.png,1
1919 space.png,1
192 n.png,0
1920 space.png,1
1921 n.png,0
1922 n.png,0
1923 n.png,0
1924 n.png,0
1925 n.png,0
1926 n.png,0
1927 n.png,0
1928 n.png,0
1929 n.png,0
193 n.png,0
1930 n.png,0
1931 n.png,0
1932 n.png,0
1933 n.png,0
1934 n.png,0
1935 n.png,0
1936 n.png,0
1937 n.png,0
1938 n.png,0
1939 n.png,0
194 n.png,0
1940 n.png,0
1941 space.png,1
1942 space.png,1
1943 space.png,1
1944 n.png,0
1945 n.png,0
1946 n.png,0
1947 n.png,0
1948 n.png,0
1949 n.png,0
195 n.png,0
1950 n.png,0
1951 n.png,0
1952 n.png,0
1953 n.png,0
1954 n.png,0
1955 n.png,0
1956 n.png,0
1957 n.png,0
1958 space.png,1
1959 space.png,1
196 n.png,0
1960 space.png,1
1961 space.png,1
1962 n.png,0
1963 n.png,0
1964 n.png,0
1965 n.png,0
1966 n.png,0
1967 n.png,0
1968 n.png,0
1969 n.png,0
197 space.png,1
1970 n.png,0
1971 n.png,0
1972 n.png,0
1973 n.png,0
1974 n.png,0
1975 n.png,0
1976 space.png,1
1977 space.png,1
1978 space.png,1
1979 space.png,1
198 space.png,1
1980 n.png,0
1981 n.png,0
1982 n.png,0
1983 n.png,0
1984 n.png,0
1985 n.png,0
1986 n.png,0
1987 n.png,0
1988 n.png,0
1989 n.png,0
199 space.png,1
1990 n.png,0
1991 n.png,0
1992 n.png,0
1993 n.png,0
1994 n.png,0
1995 n.png,0
1996 n.png,0
1997 n.png,0
1998 n.png,0
1999 n.png,0
200 n.png,0
2000 n.png,0
2001 n.png,0
2002 n.png,0
2003 space.png,1
2004 space.png,1
2005 space.png,1
2006 n.png,0
2007 n.png,0
2008 n.png,0
2009 n.png,0
201 n.png,0
2010 n.png,0
2011 n.png,0
2012 n.png,0
2013 n.png,0
2014 n.png,0
2015 n.png,0
2016 n.png,0
2017 n.png,0
2018 n.png,0
2019 n.png,0
202 n.png,0
2020 n.png,0
2021 space.png,1
2022 space.png,1
2023 space.png,1
2024 space.png,1
2025 n.png,0
2026 n.png,0
2027 n.png,0
2028 n.png,0
2029 n.png,0
203 n.png,0
2030 n.png,0
2031 n.png,0
2032 n.png,0
2033 n.png,0
2034 n.png,0
2035 n.png,0
2036 n.png,0
2037 n.png,0
2038 n.png,0
2039 n.png,0
204 n.png,0
2040 n.png,0
2041 n.png,0
2042 n.png,0
2043 n.png,0
2044 n.png,0
2045 n.png,0
2046 n.png,0
2047 n.png,0
2048 space.png,1
2049 space.png,1
205 n.png,0
2050 space.png,1
2051 n.png,0
2052 n.png,0
2053 n.png,0
2054 n.png,0
2055 n.png,0
2056 n.png,0
2057 n.png,0
2058 n.png,0
2059 n.png,0
206 n.png,0
2060 n.png,0
2061 n.png,0
2062 n.png,0
2063 n.png,0
2064 n.png,0
2065 n.png,0
2066 n.png,0
2067 n.png,0
2068 n.png,0
2069 n.png,0
207 n.png,0
2070 n.png,0
2071 n.png,0
2072 n.png,0
2073 n.png,0
2074 n.png,0
2075 n.png,0
2076 n.png,0
2077 n.png,0
2078 n.png,0
2079 space.png,1
208 n.png,0
2080 space.png,1
2081 n.png,0
2082 n.png,0
2083 n.png,0
2084 n.png,0
2085 n.png,0
2086 n.png,0
2087 n.png,0
2088 n.png,0
2089 n.png,0
209 n.png,0
2090 n.png,0
2091 n.png,0
2092 n.png,0
2093 n.png,0
2094 n.png,0
2095 space.png,1
2096 space.png,1
2097 space.png,1
2098 n.png,0
2099 n.png,0
210 n.png,0
2100 n.png,0
2101 n.png,0
2102 n.png,0
2103 n.png,0
2104 n.png,0
2105 n.png,0
2106 n.png,0
2107 n.png,0
2108 n.png,0
2109 n.png,0
211 n.png,0
2110 n.png,0
2111 n.png,0
2112 space.png,1
2113 space.png,1
2114 space.png,1
2115 space.png,1
2116 n.png,0
2117 n.png,0
2118 n.png,0
2119 n.png,0
212 n.png,0
2120 n.png,0
2121 n.png,0
2122 n.png,0
2123 n.png,0
2124 n.png,0
2125 n.png,0
2126 n.png,0
2127 n.png,0
2128 space.png,1
2129 space.png,1
213 n.png,0
2130 space.png,1
2131 n.png,0
2132 n.png,0
2133 n.png,0
2134 n.png,0
2135 n.png,0
2136 n.png,0
2137 n.png,0
2138 n.png,0
2139 n.png,0
214 space.png,1
2140 n.png,0
2141 n.png,0
2142 n.png,0
2143 n.png,0
2144 n.png,0
2145 n.png,0
2146 space.png,1
2147 space.png,1
2148 space.png,1
2149 n.png,0
215 space.png,1
2150 n.png,0
2151 n.png,0
2152 n.png,0
2153 n.png,0
2154 n.png,0
2155 n.png,0
2156 n.png,0
2157 n.png,0
2158 n.png,0
2159 n.png,0
216 space.png,1
2160 n.png,0
2161 n.png,0
2162 n.png,0
2163 n.png,0
2164 n.png,0
2165 n.png,0
2166 n.png,0
2167 n.png,0
2168 n.png,0
2169 n.png,0
217 n.png,0
2170 n.png,0
2171 space.png,1
2172 space.png,1
2173 space.png,1
2174 space.png,1
2175 n.png,0
2176 n.png,0
2177 n.png,0
2178 n.png,0
2179 n.png,0
218 n.png,0
2180 n.png,0
2181 n.png,0
2182 n.png,0
2183 n.png,0
2184 n.png,0
2185 n.png,0
2186 n.png,0
2187 space.png,1
2188 space.png,1
2189 space.png,1
219 n.png,0
2190 space.png,1
2191 n.png,0
2192 n.png,0
2193 n.png,0
2194 n.png,0
2195 n.png,0
2196 n.png,0
2197 n.png,0
2198 n.png,0
2199 n.png,0
220 n.png,0
2200 n.png,0
2201 n.png,0
2202 space.png,1
2203 space.png,1
2204 space.png,1
2205 n.png,0
2206 n.png,0
2207 n.png,0
2208 n.png,0
2209 n.png,0
221 n.png,0
2210 n.png,0
2211 n.png,0
2212 n.png,0
2213 n.png,0
2214 n.png,0
2215 n.png,0
2216 n.png,0
2217 n.png,0
2218 n.png,0
2219 n.png,0
222 n.png,0
2220 n.png,0
2221 n.png,0
2222 n.png,0
2223 n.png,0
2224 n.png,0
2225 n.png,0
2226 space.png,1
2227 space.png,1
2228 space.png,1
2229 n.png,0
223 n.png,0
2230 n.png,0
2231 n.png,0
2232 n.png,0
2233 n.png,0
2234 n.png,0
2235 n.png,0
2236 n.png,0
2237 n.png,0
2238 n.png,0
2239 n.png,0
224 n.png,0
2240 n.png,0
2241 n.png,0
2242 n.png,0
2243 n.png,0
2244 n.png,0
2245 space.png,1
2246 space.png,1
2247 space.png,1
2248 n.png,0
2249 n.png,0
225 n.png,0
2250 n.png,0
2251 n.png,0
2252 n.png,0
2253 n.png,0
2254 n.png,0
2255 n.png,0
2256 n.png,0
2257 n.png,0
2258 n.png,0
2259 n.png,0
226 n.png,0
2260 space.png,1
2261 space.png,1
2262 space.png,1
2263 space.png,1
2264 n.png,0
2265 n.png,0
2266 n.png,0
2267 n.png,0
2268 n.png,0
2269 n.png,0
227 n.png,0
2270 n.png,0
2271 n.png,0
2272 n.png,0
2273 n.png,0
2274 n.png,0
2275 n.png,0
2276 n.png,0
2277 n.png,0
2278 n.png,0
2279 n.png,0
228 n.png,0
2280 n.png,0
2281 n.png,0
2282 n.png,0
2283 space.png,1
2284 space.png,1
2285 space.png,1
2286 space.png,1
2287 n.png,0
2288 n.png,0
2289 n.png,0
229 n.png,0
2290 n.png,0
2291 n.png,0
2292 n.png,0
2293 n.png,0
2294 n.png,0
2295 n.png,0
2296 n.png,0
2297 n.png,0
2298 n.png,0
2299 n.png,0
230 n.png,0
2300 n.png,0
2301 n.png,0
2302 n.png,0
2303 n.png,0
2304 n.png,0
2305 n.png,0
2306 n.png,0
2307 n.png,0
2308 n.png,0
2309 n.png,0
231 n.png,0
2310 n.png,0
2311 space.png,1
2312 space.png,1
2313 n.png,0
2314 n.png,0
2315 n.png,0
2316 n.png,0
2317 n.png,0
2318 n.png,0
2319 n.png,0
232 n.png,0
2320 space.png,1
2321 space.png,1
2322 space.png,1
2323 space.png,1
2324 space.png,1
2325 space.png,1
2326 n.png,0
2327 n.png,0
2328 n.png,0
2329 n.png,0
233 n.png,0
2330 n.png,0
2331 n.png,0
2332 n.png,0
2333 n.png,0
2334 n.png,0
2335 n.png,0
2336 n.png,0
2337 n.png,0
2338 n.png,0
2339 n.png,0
234 n.png,0
2340 n.png,0
2341 n.png,0
2342 n.png,0
2343 n.png,0
2344 space.png,1
2345 space.png,1
2346 n.png,0
2347 n.png,0
2348 n.png,0
2349 n.png,0
235 n.png,0
2350 n.png,0
2351 n.png,0
2352 n.png,0
2353 n.png,0
2354 n.png,0
2355 n.png,0
2356 n.png,0
2357 n.png,0
2358 n.png,0
2359 n.png,0
236 n.png,0
2360 n.png,0
2361 n.png,0
2362 n.png,0
2363 n.png,0
2364 n.png,0
2365 n.png,0
2366 n.png,0
2367 n.png,0
2368 n.png,0
2369 n.png,0
237 n.png,0
2370 n.png,0
2371 n.png,0
2372 n.png,0
2373 n.png,0
2374 n.png,0
2375 n.png,0
2376 n.png,0
2377 n.png,0
2378 n.png,0
2379 n.png,0
238 n.png,0
2380 n.png,0
2381 n.png,0
2382 n.png,0
2383 n.png,0
2384 n.png,0
2385 n.png,0
2386 n.png,0
2387 n.png,0
2388 n.png,0
2389 n.png,0
239 n.png,0
2390 n.png,0
2391 n.png,0
2392 n.png,0
2393 n.png,0
2394 n.png,0
2395 n.png,0
2396 n.png,0
2397 n.png,0
2398 n.png,0
2399 n.png,0
240 n.png,0
2400 n.png,0
2401 n.png,0
2402 n.png,0
2403 n.png,0
2404 n.png,0
2405 n.png,0
2406 n.png,0
2407 n.png,0
2408 n.png,0
2409 n.png,0
241 n.png,0
2410 n.png,0
2411 n.png,0
2412 n.png,0
2413 n.png,0
2414 n.png,0
2415 n.png,0
2416 n.png,0
2417 n.png,0
2418 n.png,0
2419 n.png,0
242 space.png,1
2420 n.png,0
2421 n.png,0
2422 n.png,0
2423 n.png,0
2424 n.png,0
2425 n.png,0
2426 n.png,0
2427 n.png,0
2428 n.png,0
2429 n.png,0
243 space.png,1
2430 n.png,0
2431 n.png,0
2432 n.png,0
2433 n.png,0
2434 n.png,0
2435 n.png,0
2436 space.png,1
2437 space.png,1
2438 n.png,0
2439 n.png,0
244 space.png,1
2440 n.png,0
2441 n.png,0
2442 n.png,0
2443 n.png,0
2444 n.png,0
2445 n.png,0
2446 n.png,0
2447 n.png,0
2448 n.png,0
2449 space.png,1
245 n.png,0
2450 space.png,1
2451 space.png,1
2452 space.png,1
2453 n.png,0
2454 n.png,0
2455 n.png,0
2456 n.png,0
2457 n.png,0
2458 n.png,0
2459 n.png,0
246 n.png,0
2460 n.png,0
2461 n.png,0
2462 n.png,0
2463 n.png,0
2464 n.png,0
2465 n.png,0
2466 n.png,0
2467 n.png,0
2468 n.png,0
2469 n.png,0
247 n.png,0
2470 n.png,0
2471 n.png,0
2472 n.png,0
2473 n.png,0
2474 n.png,0
2475 n.png,0
2476 n.png,0
2477 n.png,0
2478 n.png,0
2479 n.png,0
248 n.png,0
2480 n.png,0
2481 n.png,0
2482 space.png,1
2483 space.png,1
2484 space.png,1
2485 n.png,0
2486 n.png,0
2487 n.png,0
2488 n.png,0
2489 n.png,0
249 n.png,0
2490 n.png,0
2491 n.png,0
2492 n.png,0
2493 n.png,0
2494 n.png,0
2495 n.png,0
2496 n.png,0
2497 n.png,0
2498 n.png,0
2499 n.png,0
250 n.png,0
2500 n.png,0
2501 n.png,0
2502 n.png,0
2503 n.png,0
2504 n.png,0
2505 n.png,0
2506 n.png,0
2507 n.png,0
2508 n.png,0
2509 n.png,0
251 n.png,0
2510 space.png,1
2511 space.png,1
2512 space.png,1
2513 space.png,1
2514 n.png,0
2515 n.png,0
2516 n.png,0
2517 n.png,0
2518 n.png,0
2519 n.png,0
252 n.png,0
2520 n.png,0
2521 n.png,0
2522 n.png,0
2523 n.png,0
2524 n.png,0
2525 n.png,0
2526 n.png,0
2527 space.png,1
2528 space.png,1
2529 space.png,1
253 n.png,0
2530 space.png,1
2531 n.png,0
2532 n.png,0
2533 n.png,0
2534 n.png,0
2535 n.png,0
2536 n.png,0
2537 n.png,0
2538 n.png,0
2539 n.png,0
254 n.png,0
2540 n.png,0
2541 space.png,1
2542 space.png,1
2543 space.png,1
2544 n.png,0
2545 n.png,0
2546 n.png,0
2547 n.png,0
2548 n.png,0
2549 n.png,0
255 n.png,0
2550 n.png,0
2551 n.png,0
2552 n.png,0
2553 n.png,0
2554 n.png,0
2555 n.png,0
2556 n.png,0
2557 n.png,0
2558 space.png,1
2559 space.png,1
256 n.png,0
2560 space.png,1
2561 space.png,1
2562 n.png,0
2563 n.png,0
2564 n.png,0
2565 n.png,0
2566 n.png,0
2567 n.png,0
2568 n.png,0
2569 n.png,0
257 n.png,0
2570 n.png,0
2571 n.png,0
2572 n.png,0
2573 n.png,0
2574 n.png,0
2575 n.png,0
2576 n.png,0
2577 n.png,0
2578 n.png,0
2579 n.png,0
258 n.png,0
2580 n.png,0
2581 space.png,1
2582 space.png,1
2583 space.png,1
2584 n.png,0
2585 n.png,0
2586 n.png,0
2587 n.png,0
2588 n.png,0
2589 n.png,0
259 n.png,0
2590 n.png,0
2591 n.png,0
2592 n.png,0
2593 n.png,0
2594 n.png,0
2595 n.png,0
2596 space.png,1
2597 space.png,1
2598 space.png,1
2599 space.png,1
260 n.png,0
2600 n.png,0
2601 n.png,0
2602 n.png,0
2603 n.png,0
2604 n.png,0
2605 n.png,0
2606 n.png,0
2607 n.png,0
2608 n.png,0
2609 n.png,0
261 space.png,1
2610 n.png,0
2611 n.png,0
2612 n.png,0
2613 n.png,0
2614 n.png,0
2615 n.png,0
2616 n.png,0
2617 n.png,0
2618 space.png,1
2619 space.png,1
262 space.png,1
2620 space.png,1
2621 n.png,0
2622 n.png,0
2623 n.png,0
2624 n.png,0
2625 n.png,0
2626 n.png,0
2627 n.png,0
2628 n.png,0
2629 n.png,0
263 space.png,1
2630 n.png,0
2631 n.png,0
2632 n.png,0
2633 n.png,0
2634 n.png,0
2635 n.png,0
2636 n.png,0
2637 n.png,0
2638 space.png,1
2639 space.png,1
264 space.png,1
2640 n.png,0
2641 n.png,0
2642 n.png,0
2643 n.png,0
2644 n.png,0
2645 n.png,0
2646 n.png,0
2647 n.png,0
2648 n.png,0
2649 n.png,0
265 space.png,1
2650 n.png,0
2651 n.png,0
2652 space.png,1
2653 space.png,1
2654 space.png,1
2655 space.png,1
2656 space.png,1
2657 n.png,0
2658 n.png,0
2659 n.png,0
266 n.png,0
2660 n.png,0
2661 n.png,0
2662 n.png,0
2663 n.png,0
2664 n.png,0
2665 n.png,0
2666 n.png,0
2667 n.png,0
2668 n.png,0
2669 n.png,0
267 n.png,0
2670 n.png,0
2671 n.png,0
2672 n.png,0
2673 space.png,1
2674 space.png,1
2675 space.png,1
2676 space.png,1
2677 n.png,0
2678 n.png,0
2679 n.png,0
268 n.png,0
2680 n.png,0
2681 n.png,0
2682 n.png,0
2683 n.png,0
2684 n.png,0
2685 n.png,0
2686 n.png,0
2687 space.png,1
2688 space.png,1
2689 space.png,1
269 n.png,0
2690 space.png,1
2691 n.png,0
2692 n.png,0
2693 n.png,0
2694 n.png,0
2695 n.png,0
2696 n.png,0
2697 n.png,0
2698 n.png,0
2699 n.png,0
270 n.png,0
2700 n.png,0
2701 n.png,0
2702 n.png,0
2703 n.png,0
2704 n.png,0
2705 n.png,0
2706 space.png,1
2707 space.png,1
2708 space.png,1
2709 n.png,0
271 n.png,0
2710 n.png,0
2711 n.png,0
2712 n.png,0
2713 n.png,0
2714 n.png,0
2715 n.png,0
2716 n.png,0
2717 n.png,0
2718 n.png,0
2719 n.png,0
272 n.png,0
2720 n.png,0
2721 space.png,1
2722 space.png,1
2723 space.png,1
2724 n.png,0
2725 n.png,0
2726 n.png,0
2727 n.png,0
2728 n.png,0
2729 n.png,0
273 n.png,0
2730 n.png,0
2731 n.png,0
2732 n.png,0
2733 n.png,0
2734 n.png,0
2735 n.png,0
2736 n.png,0
2737 n.png,0
2738 n.png,0
2739 n.png,0
274 n.png,0
2740 n.png,0
2741 n.png,0
2742 space.png,1
2743 space.png,1
2744 space.png,1
2745 n.png,0
2746 n.png,0
2747 n.png,0
2748 n.png,0
2749 n.png,0
275 n.png,0
2750 n.png,0
2751 n.png,0
2752 n.png,0
2753 n.png,0
2754 n.png,0
2755 n.png,0
2756 n.png,0
2757 n.png,0
2758 n.png,0
2759 n.png,0
276 n.png,0
2760 n.png,0
2761 n.png,0
2762 space.png,1
2763 space.png,1
2764 space.png,1
2765 n.png,0
2766 n.png,0
2767 n.png,0
2768 n.png,0
2769 n.png,0
277 n.png,0
2770 n.png,0
2771 n.png,0
2772 n.png,0
2773 n.png,0
2774 n.png,0
2775 n.png,0
2776 n.png,0
2777 n.png,0
2778 n.png,0
2779 n.png,0
278 n.png,0
2780 n.png,0
2781 space.png,1
2782 space.png,1
2783 space.png,1
2784 space.png,1
2785 n.png,0
2786 n.png,0
2787 n.png,0
2788 n.png,0
2789 n.png,0
279 n.png,0
2790 n.png,0
2791 n.png,0
2792 n.png,0
2793 n.png,0
2794 n.png,0
2795 n.png,0
2796 n.png,0
2797 n.png,0
2798 n.png,0
2799 space.png,1
280 n.png,0
2800 space.png,1
2801 space.png,1
2802 space.png,1
2803 space.png,1
2804 space.png,1
2805 n.png,0
2806 n.png,0
2807 n.png,0
2808 n.png,0
2809 n.png,0
281 n.png,0
2810 n.png,0
2811 n.png,0
2812 n.png,0
2813 n.png,0
2814 n.png,0
2815 n.png,0
2816 n.png,0
2817 n.png,0
2818 n.png,0
2819 n.png,0
282 n.png,0
2820 n.png,0
2821 n.png,0
2822 n.png,0
2823 n.png,0
2824 n.png,0
2825 n.png,0
2826 n.png,0
2827 n.png,0
2828 n.png,0
2829 n.png,0
283 n.png,0
2830 space.png,1
2831 space.png,1
2832 space.png,1
2833 space.png,1
2834 n.png,0
2835 n.png,0
2836 n.png,0
2837 n.png,0
2838 n.png,0
2839 n.png,0
284 n.png,0
2840 n.png,0
2841 n.png,0
2842 n.png,0
2843 n.png,0
2844 n.png,0
2845 n.png,0
2846 n.png,0
2847 n.png,0
2848 n.png,0
2849 n.png,0
285 space.png,1
2850 n.png,0
2851 n.png,0
2852 n.png,0
2853 n.png,0
2854 n.png,0
2855 n.png,0
2856 n.png,0
2857 n.png,0
2858 n.png,0
2859 n.png,0
286 space.png,1
2860 n.png,0
2861 n.png,0
2862 space.png,1
2863 space.png,1
2864 space.png,1
2865 n.png,0
2866 n.png,0
2867 n.png,0
2868 n.png,0
2869 n.png,0
287 space.png,1
2870 n.png,0
2871 n.png,0
2872 n.png,0
2873 n.png,0
2874 n.png,0
2875 n.png,0
2876 n.png,0
2877 space.png,1
2878 space.png,1
2879 n.png,0
288 space.png,1
2880 n.png,0
2881 n.png,0
2882 n.png,0
2883 n.png,0
2884 n.png,0
2885 n.png,0
2886 n.png,0
2887 space.png,1
2888 space.png,1
2889 n.png,0
289 n.png,0
2890 n.png,0
2891 n.png,0
2892 n.png,0
2893 n.png,0
2894 n.png,0
2895 n.png,0
2896 n.png,0
2897 n.png,0
2898 n.png,0
2899 n.png,0
290 n.png,0
2900 n.png,0
2901 n.png,0
2902 n.png,0
2903 n.png,0
2904 n.png,0
2905 n.png,0
2906 n.png,0
2907 n.png,0
2908 n.png,0
2909 n.png,0
291 n.png,0
2910 n.png,0
2911 n.png,0
2912 n.png,0
2913 n.png,0
2914 n.png,0
2915 n.png,0
2916 n.png,0
2917 space.png,1
2918 n.png,0
2919 n.png,0
292 n.png,0
2920 n.png,0
2921 n.png,0
2922 n.png,0
2923 n.png,0
2924 n.png,0
2925 n.png,0
2926 n.png,0
2927 n.png,0
2928 n.png,0
2929 n.png,0
293 n.png,0
2930 n.png,0
2931 n.png,0
2932 space.png,1
2933 space.png,1
2934 n.png,0
2935 n.png,0
2936 n.png,0
2937 n.png,0
2938 n.png,0
2939 n.png,0
294 n.png,0
2940 n.png,0
2941 n.png,0
2942 n.png,0
2943 n.png,0
2944 n.png,0
2945 space.png,1
2946 n.png,0
2947 n.png,0
2948 n.png,0
2949 n.png,0
295 n.png,0
2950 n.png,0
2951 n.png,0
2952 n.png,0
2953 n.png,0
2954 n.png,0
2955 n.png,0
2956 n.png,0
2957 n.png,0
2958 n.png,0
2959 n.png,0
296 n.png,0
2960 n.png,0
2961 n.png,0
2962 n.png,0
2963 n.png,0
2964 n.png,0
2965 n.png,0
2966 n.png,0
2967 n.png,0
2968 n.png,0
2969 n.png,0
297 n.png,0
2970 n.png,0
2971 n.png,0
2972 n.png,0
2973 n.png,0
2974 space.png,1
2975 space.png,1
2976 space.png,1
2977 space.png,1
2978 space.png,1
2979 space.png,1
298 n.png,0
2980 n.png,0
2981 n.png,0
2982 n.png,0
2983 n.png,0
2984 n.png,0
2985 n.png,0
2986 n.png,0
2987 n.png,0
2988 n.png,0
2989 n.png,0
299 n.png,0
2990 n.png,0
2991 n.png,0
2992 n.png,0
2993 n.png,0
2994 n.png,0
2995 n.png,0
2996 n.png,0
2997 n.png,0
2998 n.png,0
2999 n.png,0
300 n.png,0
3000 n.png,0
3001 n.png,0
3002 n.png,0
3003 n.png,0
3004 space.png,1
3005 space.png,1
3006 space.png,1
3007 n.png,0
3008 n.png,0
3009 n.png,0
301 n.png,0
3010 n.png,0
3011 n.png,0
3012 n.png,0
3013 n.png,0
3014 n.png,0
3015 n.png,0
3016 n.png,0
3017 n.png,0
3018 n.png,0
3019 n.png,0
302 n.png,0
3020 n.png,0
3021 space.png,1
3022 space.png,1
3023 n.png,0
3024 n.png,0
3025 n.png,0
3026 n.png,0
3027 n.png,0
3028 n.png,0
3029 n.png,0
303 n.png,0
3030 n.png,0
3031 n.png,0
3032 n.png,0
3033 n.png,0
3034 n.png,0
3035 n.png,0
3036 n.png,0
3037 n.png,0
3038 n.png,0
3039 n.png,0
304 n.png,0
3040 n.png,0
3041 n.png,0
3042 n.png,0
3043 n.png,0
3044 n.png,0
3045 n.png,0
3046 space.png,1
3047 space.png,1
3048 space.png,1
3049 space.png,1
305 n.png,0
3050 n.png,0
3051 n.png,0
3052 n.png,0
3053 n.png,0
3054 space.png,1
3055 space.png,1
3056 n.png,0
3057 n.png,0
3058 n.png,0
3059 n.png,0
306 n.png,0
3060 n.png,0
3061 n.png,0
3062 n.png,0
3063 n.png,0
3064 n.png,0
3065 n.png,0
3066 space.png,1
3067 space.png,1
3068 space.png,1
3069 space.png,1
307 space.png,1
3070 n.png,0
3071 n.png,0
3072 n.png,0
3073 n.png,0
3074 n.png,0
3075 n.png,0
3076 n.png,0
3077 n.png,0
3078 n.png,0
3079 n.png,0
308 space.png,1
3080 n.png,0
3081 n.png,0
3082 n.png,0
3083 n.png,0
3084 n.png,0
3085 n.png,0
3086 n.png,0
3087 n.png,0
3088 n.png,0
3089 n.png,0
309 space.png,1
3090 space.png,1
3091 space.png,1
3092 space.png,1
3093 n.png,0
3094 n.png,0
3095 n.png,0
3096 n.png,0
3097 n.png,0
3098 n.png,0
3099 n.png,0
310 n.png,0
3100 n.png,0
3101 n.png,0
3102 n.png,0
3103 n.png,0
3104 n.png,0
3105 n.png,0
3106 n.png,0
3107 space.png,1
3108 space.png,1
3109 space.png,1
311 n.png,0
3110 n.png,0
3111 n.png,0
3112 n.png,0
3113 n.png,0
3114 n.png,0
3115 n.png,0
3116 n.png,0
3117 n.png,0
3118 n.png,0
3119 n.png,0
312 n.png,0
3120 n.png,0
3121 n.png,0
3122 n.png,0
3123 n.png,0
3124 space.png,1
3125 space.png,1
3126 space.png,1
3127 n.png,0
3128 n.png,0
3129 n.png,0
313 n.png,0
3130 n.png,0
3131 n.png,0
3132 n.png,0
3133 n.png,0
3134 n.png,0
3135 n.png,0
3136 n.png,0
3137 n.png,0
3138 n.png,0
3139 n.png,0
314 n.png,0
3140 n.png,0
3141 n.png,0
3142 space.png,1
3143 space.png,1
3144 space.png,1
3145 n.png,0
3146 n.png,0
3147 n.png,0
3148 n.png,0
3149 n.png,0
315 n.png,0
3150 n.png,0
3151 n.png,0
3152 n.png,0
3153 n.png,0
3154 n.png,0
3155 n.png,0
3156 n.png,0
3157 n.png,0
3158 n.png,0
3159 n.png,0
316 n.png,0
3160 n.png,0
3161 n.png,0
3162 n.png,0
3163 n.png,0
3164 n.png,0
3165 n.png,0
3166 n.png,0
3167 space.png,1
3168 space.png,1
3169 space.png,1
317 n.png,0
3170 space.png,1
3171 space.png,1
3172 n.png,0
3173 n.png,0
3174 n.png,0
3175 n.png,0
3176 n.png,0
3177 n.png,0
3178 n.png,0
3179 n.png,0
318 n.png,0
3180 n.png,0
3181 n.png,0
3182 n.png,0
3183 n.png,0
3184 n.png,0
3185 n.png,0
3186 n.png,0
3187 n.png,0
3188 n.png,0
3189 n.png,0
319 n.png,0
3190 n.png,0
3191 n.png,0
3192 space.png,1
3193 space.png,1
3194 space.png,1
3195 space.png,1
3196 n.png,0
3197 n.png,0
3198 n.png,0
3199 n.png,0
320 n.png,0
3200 n.png,0
3201 n.png,0
3202 n.png,0
3203 n.png,0
3204 n.png,0
3205 n.png,0
3206 n.png,0
3207 n.png,0
3208 n.png,0
3209 n.png,0
321 n.png,0
3210 n.png,0
3211 n.png,0
3212 n.png,0
3213 n.png,0
3214 n.png,0
3215 n.png,0
3216 n.png,0
3217 n.png,0
3218 space.png,1
3219 space.png,1
322 n.png,0
3220 space.png,1
3221 space.png,1
3222 n.png,0
3223 n.png,0
3224 n.png,0
3225 n.png,0
3226 n.png,0
3227 n.png,0
3228 n.png,0
3229 n.png,0
323 space.png,1
3230 n.png,0
3231 n.png,0
3232 n.png,0
3233 n.png,0
3234 space.png,1
3235 space.png,1
3236 space.png,1
3237 n.png,0
3238 n.png,0
3239 n.png,0
324 space.png,1
3240 n.png,0
3241 n.png,0
3242 n.png,0
3243 n.png,0
3244 n.png,0
3245 n.png,0
3246 n.png,0
3247 n.png,0
3248 n.png,0
3249 space.png,1
325 space.png,1
3250 space.png,1
3251 space.png,1
3252 n.png,0
3253 n.png,0
3254 n.png,0
3255 n.png,0
3256 n.png,0
3257 n.png,0
3258 n.png,0
3259 n.png,0
326 n.png,0
3260 n.png,0
3261 n.png,0
3262 n.png,0
3263 n.png,0
3264 n.png,0
3265 n.png,0
3266 n.png,0
3267 n.png,0
3268 space.png,1
3269 space.png,1
327 n.png,0
3270 space.png,1
3271 space.png,1
3272 n.png,0
3273 n.png,0
3274 n.png,0
3275 n.png,0
3276 n.png,0
3277 n.png,0
3278 n.png,0
3279 n.png,0
328 n.png,0
3280 n.png,0
3281 n.png,0
3282 n.png,0
3283 n.png,0
3284 n.png,0
3285 n.png,0
3286 n.png,0
3287 space.png,1
3288 space.png,1
3289 space.png,1
329 n.png,0
3290 n.png,0
3291 n.png,0
3292 n.png,0
3293 n.png,0
3294 n.png,0
3295 n.png,0
3296 n.png,0
3297 n.png,0
3298 n.png,0
3299 n.png,0
330 n.png,0
3300 n.png,0
3301 n.png,0
3302 space.png,1
3303 space.png,1
3304 space.png,1
3305 n.png,0
3306 n.png,0
3307 n.png,0
3308 n.png,0
3309 n.png,0
331 n.png,0
3310 n.png,0
3311 n.png,0
3312 n.png,0
3313 n.png,0
3314 n.png,0
3315 n.png,0
3316 n.png,0
3317 n.png,0
3318 n.png,0
3319 n.png,0
332 n.png,0
3320 n.png,0
3321 n.png,0
3322 n.png,0
3323 n.png,0
3324 n.png,0
3325 n.png,0
3326 n.png,0
3327 space.png,1
3328 space.png,1
3329 space.png,1
333 n.png,0
3330 space.png,1
3331 n.png,0
3332 n.png,0
3333 n.png,0
3334 n.png,0
3335 n.png,0
3336 n.png,0
3337 n.png,0
3338 n.png,0
3339 n.png,0
334 n.png,0
3340 n.png,0
3341 n.png,0
3342 n.png,0
3343 n.png,0
3344 n.png,0
3345 n.png,0
3346 n.png,0
3347 n.png,0
3348 n.png,0
3349 n.png,0
335 n.png,0
3350 n.png,0
3351 n.png,0
3352 space.png,1
3353 space.png,1
3354 space.png,1
3355 n.png,0
3356 n.png,0
3357 n.png,0
3358 n.png,0
3359 n.png,0
336 n.png,0
3360 n.png,0
3361 n.png,0
3362 n.png,0
3363 n.png,0
3364 n.png,0
3365 n.png,0
3366 n.png,0
3367 n.png,0
3368 n.png,0
3369 n.png,0
337 n.png,0
3370 n.png,0
3371 n.png,0
3372 n.png,0
3373 n.png,0
3374 n.png,0
3375 n.png,0
3376 n.png,0
3377 n.png,0
3378 n.png,0
3379 n.png,0
338 n.png,0
3380 space.png,1
3381 space.png,1
3382 n.png,0
3383 n.png,0
3384 n.png,0
3385 n.png,0
3386 n.png,0
3387 n.png,0
3388 n.png,0
3389 n.png,0
339 space.png,1
3390 n.png,0
3391 n.png,0
3392 n.png,0
3393 n.png,0
3394 n.png,0
3395 n.png,0
3396 n.png,0
3397 n.png,0
3398 n.png,0
3399 n.png,0
340 space.png,1
3400 n.png,0
3401 n.png,0
3402 n.png,0
3403 n.png,0
3404 space.png,1
3405 space.png,1
3406 space.png,1
3407 n.png,0
3408 n.png,0
3409 n.png,0
341 space.png,1
3410 n.png,0
3411 n.png,0
3412 n.png,0
3413 n.png,0
3414 n.png,0
3415 n.png,0
3416 n.png,0
3417 n.png,0
3418 n.png,0
3419 n.png,0
342 n.png,0
3420 n.png,0
3421 n.png,0
3422 n.png,0
3423 n.png,0
3424 n.png,0
3425 n.png,0
3426 n.png,0
3427 n.png,0
3428 space.png,1
3429 space.png,1
343 n.png,0
3430 space.png,1
3431 n.png,0
3432 n.png,0
3433 n.png,0
3434 n.png,0
3435 n.png,0
3436 n.png,0
3437 n.png,0
3438 n.png,0
3439 n.png,0
344 n.png,0
3440 n.png,0
3441 n.png,0
3442 n.png,0
3443 n.png,0
3444 n.png,0
3445 n.png,0
3446 n.png,0
3447 n.png,0
3448 n.png,0
3449 n.png,0
345 n.png,0
3450 n.png,0
3451 n.png,0
3452 n.png,0
3453 n.png,0
3454 n.png,0
3455 n.png,0
3456 n.png,0
3457 n.png,0
3458 n.png,0
3459 n.png,0
346 n.png,0
3460 n.png,0
3461 n.png,0
3462 n.png,0
3463 n.png,0
3464 n.png,0
3465 n.png,0
3466 n.png,0
3467 n.png,0
3468 n.png,0
3469 n.png,0
347 n.png,0
3470 n.png,0
3471 n.png,0
3472 n.png,0
3473 n.png,0
3474 n.png,0
3475 n.png,0
3476 n.png,0
3477 n.png,0
3478 n.png,0
3479 n.png,0
348 n.png,0
3480 space.png,1
3481 n.png,0
3482 n.png,0
3483 n.png,0
3484 n.png,0
3485 n.png,0
3486 n.png,0
3487 n.png,0
3488 n.png,0
3489 n.png,0
349 n.png,0
3490 n.png,0
3491 n.png,0
3492 n.png,0
3493 n.png,0
3494 n.png,0
3495 n.png,0
3496 n.png,0
3497 n.png,0
3498 n.png,0
3499 n.png,0
350 n.png,0
3500 n.png,0
3501 n.png,0
3502 space.png,1
3503 space.png,1
3504 space.png,1
3505 n.png,0
3506 n.png,0
3507 n.png,0
3508 n.png,0
3509 n.png,0
351 n.png,0
3510 n.png,0
3511 n.png,0
3512 n.png,0
3513 n.png,0
3514 n.png,0
3515 n.png,0
3516 n.png,0
3517 n.png,0
3518 n.png,0
3519 n.png,0
352 n.png,0
3520 n.png,0
3521 n.png,0
3522 n.png,0
3523 n.png,0
3524 n.png,0
3525 n.png,0
3526 n.png,0
3527 n.png,0
3528 n.png,0
3529 n.png,0
353 n.png,0
3530 n.png,0
3531 n.png,0
3532 n.png,0
3533 n.png,0
3534 n.png,0
3535 n.png,0
3536 n.png,0
3537 n.png,0
3538 n.png,0
3539 n.png,0
354 space.png,1
3540 n.png,0
3541 n.png,0
3542 n.png,0
3543 n.png,0
3544 n.png,0
3545 n.png,0
3546 n.png,0
3547 space.png,1
3548 space.png,1
3549 space.png,1
355 space.png,1
3550 n.png,0
3551 n.png,0
3552 n.png,0
3553 n.png,0
3554 n.png,0
3555 n.png,0
3556 n.png,0
3557 n.png,0
3558 n.png,0
3559 n.png,0
356 n.png,0
3560 n.png,0
3561 n.png,0
3562 n.png,0
3563 n.png,0
3564 n.png,0
3565 n.png,0
3566 n.png,0
3567 n.png,0
3568 n.png,0
3569 n.png,0
357 n.png,0
3570 n.png,0
3571 n.png,0
3572 n.png,0
3573 n.png,0
3574 n.png,0
3575 n.png,0
3576 n.png,0
3577 n.png,0
3578 n.png,0
3579 n.png,0
358 n.png,0
3580 n.png,0
3581 n.png,0
3586 n.png,0
3587 n.png,0
359 n.png,0
360 n.png,0
361 n.png,0
362 n.png,0
363 n.png,0
364 n.png,0
365 n.png,0
366 n.png,0
367 n.png,0
368 n.png,0
369 n.png,0
370 n.png,0
371 n.png,0
372 space.png,1
373 space.png,1
374 space.png,1
375 space.png,1
376 n.png,0
377 n.png,0
378 n.png,0
379 n.png,0
380 n.png,0
381 n.png,0
382 n.png,0
383 n.png,0
384 n.png,0
385 n.png,0
386 n.png,0
387 n.png,0
388 n.png,0
389 n.png,0
39 n.png,0
390 space.png,1
391 space.png,1
392 n.png,0
393 n.png,0
394 n.png,0
395 n.png,0
396 n.png,0
397 n.png,0
398 n.png,0
399 n.png,0
40 n.png,0
400 n.png,0
401 n.png,0
402 n.png,0
403 n.png,0
404 n.png,0
405 n.png,0
406 n.png,0
407 space.png,1
408 space.png,1
409 space.png,1
41 n.png,0
410 space.png,1
411 n.png,0
412 n.png,0
413 n.png,0
414 n.png,0
415 n.png,0
416 n.png,0
417 n.png,0
418 n.png,0
419 n.png,0
42 n.png,0
420 n.png,0
421 n.png,0
422 n.png,0
423 n.png,0
424 n.png,0
425 n.png,0
426 n.png,0
427 n.png,0
428 space.png,1
429 space.png,1
43 n.png,0
430 space.png,1
431 n.png,0
432 n.png,0
433 n.png,0
434 n.png,0
435 n.png,0
436 n.png,0
437 n.png,0
438 n.png,0
439 n.png,0
44 n.png,0
440 n.png,0
441 n.png,0
442 n.png,0
443 n.png,0
444 n.png,0
445 n.png,0
446 space.png,1
447 space.png,1
448 space.png,1
449 space.png,1
45 n.png,0
450 n.png,0
451 n.png,0
452 n.png,0
453 n.png,0
454 n.png,0
455 n.png,0
456 n.png,0
457 n.png,0
458 n.png,0
459 n.png,0
46 n.png,0
460 n.png,0
461 space.png,1
462 space.png,1
463 space.png,1
464 n.png,0
465 n.png,0
466 n.png,0
467 n.png,0
468 n.png,0
469 n.png,0
47 n.png,0
470 n.png,0
471 n.png,0
472 n.png,0
473 n.png,0
474 n.png,0
475 n.png,0
476 n.png,0
477 n.png,0
478 n.png,0
479 n.png,0
48 n.png,0
480 n.png,0
481 n.png,0
482 n.png,0
483 n.png,0
484 n.png,0
485 n.png,0
486 n.png,0
487 n.png,0
488 space.png,1
489 space.png,1
49 n.png,0
490 space.png,1
491 space.png,1
492 n.png,0
493 n.png,0
494 n.png,0
495 n.png,0
496 n.png,0
497 n.png,0
498 n.png,0
499 n.png,0
50 n.png,0
500 n.png,0
501 n.png,0
502 n.png,0
503 n.png,0
504 n.png,0
505 n.png,0
506 n.png,0
507 n.png,0
508 space.png,1
509 space.png,1
51 n.png,0
510 space.png,1
511 space.png,1
512 n.png,0
513 n.png,0
514 n.png,0
515 n.png,0
516 n.png,0
517 n.png,0
518 n.png,0
519 n.png,0
52 n.png,0
520 n.png,0
521 n.png,0
522 n.png,0
523 n.png,0
524 space.png,1
525 space.png,1
526 space.png,1
527 space.png,1
528 space.png,1
529 n.png,0
53 n.png,0
530 n.png,0
531 n.png,0
532 n.png,0
533 n.png,0
534 n.png,0
535 n.png,0
536 n.png,0
537 n.png,0
538 n.png,0
539 n.png,0
54 n.png,0
540 n.png,0
541 n.png,0
542 n.png,0
543 n.png,0
544 n.png,0
545 n.png,0
546 n.png,0
547 n.png,0
548 n.png,0
549 n.png,0
55 n.png,0
550 n.png,0
551 n.png,0
552 n.png,0
553 n.png,0
554 n.png,0
555 n.png,0
556 n.png,0
557 n.png,0
558 space.png,1
559 space.png,1
56 n.png,0
560 n.png,0
561 n.png,0
562 n.png,0
563 n.png,0
564 n.png,0
565 n.png,0
566 n.png,0
567 n.png,0
568 n.png,0
569 n.png,0
57 n.png,0
570 n.png,0
571 space.png,1
572 space.png,1
573 space.png,1
574 n.png,0
575 n.png,0
576 n.png,0
577 n.png,0
578 n.png,0
579 n.png,0
58 n.png,0
580 n.png,0
581 space.png,1
582 space.png,1
583 space.png,1
584 space.png,1
585 n.png,0
586 n.png,0
587 n.png,0
588 n.png,0
589 n.png,0
59 n.png,0
590 n.png,0
591 n.png,0
592 n.png,0
593 n.png,0
594 n.png,0
595 n.png,0
596 n.png,0
597 n.png,0
598 n.png,0
599 n.png,0
60 n.png,0
600 n.png,0
601 n.png,0
602 n.png,0
603 n.png,0
604 n.png,0
605 n.png,0
606 n.png,0
607 n.png,0
608 n.png,0
609 n.png,0
61 n.png,0
610 n.png,0
611 n.png,0
612 n.png,0
613 n.png,0
614 space.png,1
615 space.png,1
616 n.png,0
617 n.png,0
618 n.png,0
619 n.png,0
62 n.png,0
620 n.png,0
621 n.png,0
622 n.png,0
623 n.png,0
624 n.png,0
625 n.png,0
626 n.png,0
627 n.png,0
628 n.png,0
629 n.png,0
63 n.png,0
630 n.png,0
631 n.png,0
632 n.png,0
633 n.png,0
634 n.png,0
635 n.png,0
636 n.png,0
637 n.png,0
638 n.png,0
639 n.png,0
64 n.png,0
640 n.png,0
641 n.png,0
642 n.png,0
643 n.png,0
644 n.png,0
645 n.png,0
646 n.png,0
647 n.png,0
648 n.png,0
649 n.png,0
65 n.png,0
650 n.png,0
651 n.png,0
652 n.png,0
653 n.png,0
654 n.png,0
655 n.png,0
656 n.png,0
657 n.png,0
658 n.png,0
659 n.png,0
66 n.png,0
660 n.png,0
661 n.png,0
662 n.png,0
663 n.png,0
664 n.png,0
665 n.png,0
666 n.png,0
667 n.png,0
668 n.png,0
669 n.png,0
67 n.png,0
670 n.png,0
671 n.png,0
672 n.png,0
673 n.png,0
674 n.png,0
675 n.png,0
676 n.png,0
677 n.png,0
678 n.png,0
679 n.png,0
68 n.png,0
680 n.png,0
681 n.png,0
682 n.png,0
683 n.png,0
684 n.png,0
685 n.png,0
686 n.png,0
687 n.png,0
688 n.png,0
689 n.png,0
69 n.png,0
690 n.png,0
691 n.png,0
692 n.png,0
693 n.png,0
694 n.png,0
695 n.png,0
696 n.png,0
697 n.png,0
698 n.png,0
699 n.png,0
70 n.png,0
700 n.png,0
701 n.png,0
702 n.png,0
703 n.png,0
704 n.png,0
705 n.png,0
706 space.png,1
707 space.png,1
708 space.png,1
709 n.png,0
71 n.png,0
710 n.png,0
711 n.png,0
712 n.png,0
713 n.png,0
714 n.png,0
715 n.png,0
716 n.png,0
717 n.png,0
718 n.png,0
719 n.png,0
72 n.png,0
720 n.png,0
721 n.png,0
722 space.png,1
723 space.png,1
724 space.png,1
725 space.png,1
726 n.png,0
727 n.png,0
728 n.png,0
729 n.png,0
73 n.png,0
730 n.png,0
731 n.png,0
732 n.png,0
733 n.png,0
734 n.png,0
735 n.png,0
736 n.png,0
737 n.png,0
738 n.png,0
739 n.png,0
74 n.png,0
740 space.png,1
741 space.png,1
742 space.png,1
743 space.png,1
744 n.png,0
745 n.png,0
746 n.png,0
747 n.png,0
748 n.png,0
749 n.png,0
75 n.png,0
750 n.png,0
751 n.png,0
752 n.png,0
753 n.png,0
754 n.png,0
755 n.png,0
756 n.png,0
757 n.png,0
758 n.png,0
759 n.png,0
76 n.png,0
760 space.png,1
761 space.png,1
762 space.png,1
763 space.png,1
764 space.png,1
765 n.png,0
766 n.png,0
767 n.png,0
768 n.png,0
769 n.png,0
77 n.png,0
770 n.png,0
771 n.png,0
772 n.png,0
773 n.png,0
774 n.png,0
775 n.png,0
776 n.png,0
777 n.png,0
778 space.png,1
779 space.png,1
78 n.png,0
780 space.png,1
781 space.png,1
782 n.png,0
783 n.png,0
784 n.png,0
785 n.png,0
786 n.png,0
787 n.png,0
788 n.png,0
789 n.png,0
79 n.png,0
790 n.png,0
791 n.png,0
792 n.png,0
793 n.png,0
794 n.png,0
795 n.png,0
796 n.png,0
797 n.png,0
798 n.png,0
799 n.png,0
80 n.png,0
800 n.png,0
801 n.png,0
802 n.png,0
803 n.png,0
804 n.png,0
805 n.png,0
806 n.png,0
807 n.png,0
808 space.png,1
809 space.png,1
81 n.png,0
810 space.png,1
811 space.png,1
812 space.png,1
813 n.png,0
814 n.png,0
815 n.png,0
816 n.png,0
817 n.png,0
818 n.png,0
819 n.png,0
82 n.png,0
820 n.png,0
821 n.png,0
822 n.png,0
823 n.png,0
824 space.png,1
825 space.png,1
826 space.png,1
827 space.png,1
828 n.png,0
829 n.png,0
83 n.png,0
830 n.png,0
831 n.png,0
832 n.png,0
833 n.png,0
834 n.png,0
835 n.png,0
836 n.png,0
837 n.png,0
838 n.png,0
839 n.png,0
84 n.png,0
840 n.png,0
841 n.png,0
842 space.png,1
843 space.png,1
844 space.png,1
845 space.png,1
846 n.png,0
847 n.png,0
848 n.png,0
849 n.png,0
85 n.png,0
850 n.png,0
851 n.png,0
852 n.png,0
853 n.png,0
854 n.png,0
855 n.png,0
856 n.png,0
857 n.png,0
858 n.png,0
859 n.png,0
86 n.png,0
860 n.png,0
861 n.png,0
862 n.png,0
863 n.png,0
864 n.png,0
865 n.png,0
866 n.png,0
867 n.png,0
868 n.png,0
869 n.png,0
87 n.png,0
870 n.png,0
871 n.png,0
872 n.png,0
873 n.png,0
874 n.png,0
875 n.png,0
876 space.png,1
877 space.png,1
878 space.png,1
879 space.png,1
88 n.png,0
880 n.png,0
881 n.png,0
882 n.png,0
883 n.png,0
884 n.png,0
885 n.png,0
886 n.png,0
887 n.png,0
888 n.png,0
889 n.png,0
89 n.png,0
890 n.png,0
891 n.png,0
892 n.png,0
893 n.png,0
894 n.png,0
895 n.png,0
896 n.png,0
897 n.png,0
898 n.png,0
899 n.png,0
90 n.png,0
900 n.png,0
901 n.png,0
902 n.png,0
903 n.png,0
904 space.png,1
905 space.png,1
906 n.png,0
907 n.png,0
908 n.png,0
909 n.png,0
91 n.png,0
910 n.png,0
911 n.png,0
912 n.png,0
913 n.png,0
914 n.png,0
915 n.png,0
916 n.png,0
917 n.png,0
918 n.png,0
919 space.png,1
92 n.png,0
920 space.png,1
921 space.png,1
922 n.png,0
923 n.png,0
924 n.png,0
925 n.png,0
926 n.png,0
927 n.png,0
928 n.png,0
929 n.png,0
93 n.png,0
930 n.png,0
931 n.png,0
932 space.png,1
933 space.png,1
934 space.png,1
935 space.png,1
936 n.png,0
937 n.png,0
938 n.png,0
939 n.png,0
94 n.png,0
940 n.png,0
941 n.png,0
942 n.png,0
943 n.png,0
944 n.png,0
945 n.png,0
946 n.png,0
947 n.png,0
948 n.png,0
949 n.png,0
95 n.png,0
950 n.png,0
951 n.png,0
952 n.png,0
953 n.png,0
954 space.png,1
955 space.png,1
956 n.png,0
957 n.png,0
958 n.png,0
959 n.png,0
96 n.png,0
960 n.png,0
961 n.png,0
962 n.png,0
963 n.png,0
964 n.png,0
965 n.png,0
966 n.png,0
967 n.png,0
968 n.png,0
969 n.png,0
97 n.png,0
970 n.png,0
971 n.png,0
972 n.png,0
973 n.png,0
974 n.png,0
975 n.png,0
976 n.png,0
977 n.png,0
978 n.png,0
979 n.png,0
98 n.png,0
980 n.png,0
981 n.png,0
982 n.png,0
983 n.png,0
984 n.png,0
985 n.png,0
986 n.png,0
987 space.png,1
988 space.png,1
989 space.png,1
99 n.png,0
990 space.png,1
991 n.png,0
992 n.png,0
993 n.png,0
994 n.png,0
995 n.png,0
996 n.png,0
997 n.png,0
998 n.png,0
999 n.png,0
